Gene,Exon,Direction,Version Number,Primer Sequences,Chromosome Number,Primer Batch Numbers,Fragment Size
BRCA1,1,F,1,CAAGTGATGCTCTGGGGTACTG,17,unknown,579
BRCA1,,R,1,AAAATCCTGTCTCCTCCCCTTC,17,unknown,
BRCA1,2,F,1,AAGGACGTTGTCATTAGTTCTTTGG,17,Q1149D02,441
BRCA1,,R,1,AGAGGCAGAGTGGATGGAGAAC,17,Q1149D01,
BRCA1,3,F,1,CAGTTCCTGACACAGCAGACATTTA,17,M2612H04,282
BRCA1,,R,1,TGGGTTATGAAGGACAAAAACAAAA,17,S3203D05,
BRCA1,5,F,1,TGCTTGTAATTCACCTGCCATT,17,S3204B03,400
BRCA1,,R,1,GGCAGATGTCCCATAAAACTTTCAG,17,E6454C09,
BRCA1,6,F,1,AGGTTTTCTACTGTTGCTGCATCTT,17,S2068G01,271
BRCA1,,R,1,GCAAACTTCCTGAGTTTTCATGG,17,E8242C01,
BRCA1,7,F,2,CAGGTAACCTTAATGCATTGTCTT,17,E5493F12,377
BRCA1,,R,2,CAGGAGGACTGCTTCTAGCC,17,E8115D03,
BRCA1,8,F,1,CTCTTCAGGAGGAAAAGCACAGA,17,S3204B04,290
BRCA1,,R,1,ATTCACTTCCCAAAGCTGCCTA,17,C8488B10,
BRCA1,9,F,1,CCTGCCACAGTAGATGCTCAGT,17,S3204B05,298
BRCA1,,R,1,ACTGCACATACATCCCTGAACCT,17,S3204B06,
BRCA1,10,F,1,GATCTTGGTCATTTGACAGTTCTGC,17,S6320D01,246
BRCA1,,R,1,AAAGGTCCCAAATGGTCTTCAG,17,S3204B07,
BRCA1,11.1,F,1,GTTGGTTGATTTCCACCTCCAA,17,Q1757F08,725
BRCA1,,R,1,CTGGCCAGTAAGTCTATTTTCTCTGA,17,C9482A01,
BRCA1,11.2,F,1,CTGATGACTCACATGATGGGGA,17,M4706D09,738
BRCA1,,R,2,TTTGCAATTCAGTACAATTAGGTGG ,17,M4706D10,
BRCA1,11.3,F,1,GAAAGCTGAACCTATAAGCAGCAG,17,S9241C05,708
BRCA1,,R,2,CAACCATGAATTAGTCCCTTGG ,17,S9241D04,
BRCA1,11.4,F,1,CTCAGGAAAGTATCTCGTTACTGGAAG,17,S9241D06,714
BRCA1,,R,1,CATTTCCCATTTCTCTTTCAGGTG,17,S9241D07,
BRCA1,11.5,F,2,TCCAAATAAACATGGACTTTTACA,17,M4706D11,740
BRCA1,,R,2,CTTCTGAGGACTCTAATTTCTTGG,17,M2612H01,
BRCA1,11.6,F,1,TGATGACCTGTTAGATGATGGTGAA,17,M2612H02,730
BRCA1,,R,1,TAAAATGTGCTCCCCAAAAGCA,17,M2612H03,
BRCA1,12,F,1,CACAGCAAGTTGCAGCGTTTAT,17,C9482A08,243
BRCA1,,R,1,GATGTCAGCAAACCTAAGAATGTGG,17,E3368 A09,
BRCA1,13,F,1,GGCATTAATTGCATGAATGTGG,17,Q1485D05,488
BRCA1,,R,1,GGACAAGAACCAAGGCTCCATA,17,M2612H07,
BRCA1,14,F,1,TGTCTGTTGCATTGCTTGTGTT,17,E5493B10,500
BRCA1,,R,1,CCGCACATTTCTCATGTTGTAGC,17,S9241D08,
BRCA1,15,F,2,GCTGTTTCATTTATGCTTTGG,17,E0960A05,354
BRCA1,,R,2, CCAGAATATCTTTATGTAGGATTCAGA,17,Q1757F07,
BRCA1,16,F,2,TTCTTAACAGAGACCAGAACTTTG,17,S3203D11,500
BRCA1,,R,2,TGATTGTTTTCTAGATTTCTTCCTC,17,Q4119E07,
BRCA1,17,F,1,TTCACTTTAAATAGTTCCAGGACACGT,17,E6454C07,275
BRCA1,,R,1,TTTTATGCAGCAGATGCAAGGT,17,E7003B09,
BRCA1,18,F,1,AAATCCAGATTGATCTTGGGAGTGT,17,E5493G04,300
BRCA1,,R,1,TGGTAACTCAGACTCAGCATCAGC,17,E5493G05,
BRCA1,19,F,1,TCCTCTGTCATTCTTCCTGTGC,17,S7840A10,243
BRCA1,,R,1,GAAAGTGGTGCATTGATGGAAG,17,S3204B12,
BRCA1,20,F,1,CCTGGCCTGAATGCCTTAAATA,17,Q5289B04,245
BRCA1,,R,1,AGGGGAGTGGAATACAGAGTGG,17,Q1149D04,
BRCA1,21,F,1,CCTGGGAAGTAGCAGCAGAAAT,17,E5494C02,299
BRCA1,,R,1,CCATCGTGGGATCTTGCTTAT,17,E3368 A10,
BRCA1,22,F,1,AGCCTTCATCCGGAGAGTGTAG,17,S9241D10,224
BRCA1,,R,1,CCAGTCTTGCTCACAGGAGAGA,17,Q4119E06,
BRCA1,23,F,1,GGGGTGGTGGTACGTGTCTGTA,17,S6320D07,499
BRCA1,,R,1,CTTACTCCCACCCCATGGAAAC,17,X4838E01,
BRCA1,24,F,1,AGCCTAGTCCAGGAGAATGAATTG,17,Q3693C08,249
BRCA1,,R,1,CCTGGAAAGGCCACTTTGTAAG,17,C8488B09,
